"n","bias","differenceEffectSize","difficultyEffectSize","interactionEffectSize","differencep","difficultyp","interactionp","predictedDirection"
20,0.5,0.038709677419356,0.158048780487805,0.0522580645161287,0.392659894343131,0.0743167559132573,0.318904753362353,0
20,0.5,0.104255319148937,0.269322709163347,0.00719999999999977,0.153401719290247,0.0159244320336688,0.714592760270645,0
20,0.5,0.0524590163934427,0.478515625000001,0.000909090909090834,0.317950534002035,0.000513266191077034,0.896773558044872,0
20,0.5,0.0248466257668715,0.109118236472946,0.0199186991869917,0.494987998336514,0.143605709376818,0.541716350489719,0
20,0.5,0.0646953405017921,0.191717791411043,0.0059241706161138,0.265862236063067,0.0471246265197157,0.740184406311276,0
